[
  {
    "question": "Analytics make me want to:",
    "answers": [
      {
        "answertext": "Smile",
        "imagesrc": "smile.svg",
        "imagealt": "",
        "weight": 0
      }, {
        "answertext": "Scream",
        "imagesrc": "scream.svg",
        "imagealt": "",
        "weight": 1
      }, {
        "answertext": "Dance",
        "imagesrc": "dance.svg",
        "imagealt": "",
        "weight": 2
      }
    ]
  }, {
    "question": "My teams think data is:",
    "answers": [
      {
        "answertext": "Problematic",
        "imagesrc": "problematic.svg",
        "imagealt": "",
        "weight": 0
      }, {
        "answertext": "Good",
        "imagesrc": "good.svg",
        "imagealt": "",
        "weight": 1
      }, {
        "answertext": "Gold",
        "imagesrc": "gold.svg",
        "imagealt": "",
        "weight": 2
      }
    ]
  }, {
    "question": "My BI platform gives me data that is:",
    "answers": [
      {
        "answertext": "Mind-boggling",
        "imagesrc": "mind-boggling.svg",
        "imagealt": "",
        "weight": 0
      }, {
        "answertext": "Acceptable",
        "imagesrc": "acceptable.svg",
        "imagealt": "",
        "weight": 1
      }, {
        "answertext": "Actionable",
        "imagesrc": "actionable.svg",
        "imagealt": "",
        "weight": 2
      }
    ]
  }, {
    "question": "My teams think data is:",
    "answers": [
      {
        "answertext": "Disappointment",
        "imagesrc": "disappointment.svg",
        "imagealt": "",
        "weight": 0
      }, {
        "answertext": "Status quo",
        "imagesrc": "status-quo.svg",
        "imagealt": "",
        "weight": 1
      }, {
        "answertext": "Big wins",
        "imagesrc": "big-wins.svg",
        "imagealt": "",
        "weight": 2
      }
    ]
  }, {
    "question": "To customize my BI platform with inputs or KPIs, I need:",
    "answers": [
      {
        "answertext": "Time",
        "imagesrc": "time.svg",
        "imagealt": "",
        "weight": 0
      }, {
        "answertext": "Prayer",
        "imagesrc": "prayer.svg",
        "imagealt": "",
        "weight": 1
      }, {
        "answertext": "Just a few clicks",
        "imagesrc": "just-a-few-clicks.svg",
        "imagealt": "",
        "weight": 2
      }
    ]
  }, {
    "question": "My teams’ faces when they use our BI platform:",
    "answers": [
      {
        "answertext": "Distressed",
        "imagesrc": "distressed.svg",
        "imagealt": "",
        "weight": 0
      }, {
        "answertext": "Calm",
        "imagesrc": "calm.svg",
        "imagealt": "",
        "weight": 1
      }, {
        "answertext": "Confident",
        "imagesrc": "confident.svg",
        "imagealt": "",
        "weight": 2
      }
    ]
  }, {
    "question": "My team asks for a more powerful BI tool:",
    "answers": [
      {
        "answertext": "Often",
        "imagesrc": "often.svg",
        "imagealt": "",
        "weight": 0
      }, {
        "answertext": "Sometimes",
        "imagesrc": "sometimes.svg",
        "imagealt": "",
        "weight": 1
      }, {
        "answertext": "Rarely",
        "imagesrc": "rarely.svg",
        "imagealt": "",
        "weight": 2
      }
    ]
  }
]